Date,Voltage L1,Power L1,Total L1,Voltage L2,Power L2,Total L2,Voltage L3,Power L3,Total L3
2021-01-30T10:57:50,220.98,28.05,165255.6,225.1,265.87,474846.8,214.3,111.03,69312.3
2021-01-30T10:57:58,221.37,28.09,165255.6,224,277.46,474846.8,214.47,110.88,69312.3
2021-01-30T10:58:09,221.26,28.1,165256,223.98,277.29,474851.4,214.77,111.01,69314.1
2021-01-30T10:58:19,222.57,28.68,165256,218.54,278.66,474851.4,215.7,110.92,69314.1
2021-01-30T10:58:29,222.19,28.51,165256,218.45,285.23,474851.4,216.39,114.42,69314.1
2021-01-30T10:58:39,222.65,28.83,165256,216.35,279.1,474851.4,220.66,110.73,69314.1
2021-01-30T10:58:50,221.66,29.34,165256,219.69,299.29,474851.4,220.83,110.3,69314.1
2021-01-30T10:58:58,221.04,29.01,165256,222.04,277.42,474851.4,220.3,110.78,69314.1
2021-01-30T10:59:09,223.17,28.8,165256.6,215.59,273.04,474855.9,220.58,108.44,69316
2021-01-30T10:59:19,223.51,28.95,165256.6,215.94,273.03,474855.9,220.79,108.34,69316
2021-01-30T10:59:39,223.06,28.81,165256.6,216.13,269.34,474855.9,218.55,108.13,69316
2021-01-30T10:59:50,220.86,29.39,165256.6,221.63,260.42,474855.9,220.16,108.02,69316
2021-01-30T10:59:58,222.12,29.18,165256.6,221.93,294.64,474855.9,217.9,108.02,69316
2021-01-30T11:00:09,223.98,3.37,165257,216.32,289.26,474860.6,218.74,108.07,69317.8
2021-01-30T11:00:19,223.72,3.73,165257,216.53,278.41,474860.6,217.94,107.39,69317.8
2021-01-30T11:00:29,223.01,3.91,165257,219.09,275.92,474860.6,217.82,111.15,69317.8
2021-01-30T11:00:39,221.55,4.27,165257,224.14,288.98,474860.6,217.13,111.8,69317.8
2021-01-30T11:00:49,221.46,4.43,165257,223.87,285.21,474860.6,219.39,114.56,69317.8
2021-01-30T11:00:58,223.11,4.85,165257,218.06,265.75,474860.6,221.88,107.35,69317.8
2021-01-30T11:01:09,222.94,3.89,165257.1,219.18,282.56,474865.3,219.86,106.84,69319.6
2021-01-30T11:01:19,223.26,4.09,165257.1,220.34,280.7,474865.3,219.55,108.2,69319.6
2021-01-30T11:01:29,221.48,4.05,165257.1,225.13,281.2,474865.3,220.65,107.33,69319.6
2021-01-30T11:01:39,221.81,3.93,165257.1,225.88,283.91,474865.3,218.83,109.26,69319.6
2021-01-30T11:01:49,221.53,3.88,165257.1,225.79,280.29,474865.3,219.27,110.05,69319.6
2021-01-30T11:01:58,223.27,3.66,165257.1,220.04,276.1,474865.3,219.41,109.65,69319.6
2021-01-30T11:02:09,223.59,3.89,165257.3,219.81,277.11,474870,219.42,109.61,69321.4
2021-01-30T11:02:21,222.91,4.02,165257.3,220.61,276.92,474870,219.55,107.54,69321.4
2021-01-30T11:02:31,221.48,4.69,165257.3,225.5,269.17,474870,219.1,113.59,69321.4
2021-01-30T11:02:41,223.53,3.83,165257.3,218.05,274.7,474870,219.53,109.2,69321.4
2021-01-30T11:02:51,224.13,3.25,165257.3,213.07,270.8,474870,220.36,110.79,69321.4
2021-01-30T11:03:00,224.23,3.3,165257.3,213.16,274.18,474870,220.72,109.99,69321.4
2021-01-30T11:03:10,223.51,3.46,165257.3,213.18,259.48,474874.6,222.46,108.57,69323.2
2021-01-30T11:03:21,223.75,3.19,165257.3,213.87,274.25,474874.6,219.85,109.87,69323.2
2021-01-30T11:03:31,222.41,3.86,165257.3,218.95,279.52,474874.6,218.73,109.72,69323.2
2021-01-30T11:03:41,223.83,3.42,165257.3,212.86,277.22,474874.6,220.51,107.95,69323.2
2021-01-30T11:03:51,222.91,3.76,165257.3,218.66,273.7,474874.6,217.51,110.82,69323.2
2021-01-30T11:03:59,224.18,3.42,165257.3,213.99,270.37,474874.6,217.73,109.07,69323.2
2021-01-30T11:04:09,224.39,3.57,165257.4,213.72,268.35,474879.1,219.66,109.76,69325.1
2021-01-30T11:04:20,224.64,3.25,165257.4,213.78,347.9,474879.1,217.46,110.48,69325.1
2021-01-30T11:04:30,224.6,3.44,165257.4,213.32,327.61,474879.1,217.42,114.19,69325.1
2021-01-30T11:04:40,223.52,3.78,165257.4,212.56,342.11,474879.1,220.19,112.9,69325.1
2021-01-30T11:04:51,222.71,4.04,165257.4,217.75,357.89,474879.1,216.69,113.94,69325.1
2021-01-30T11:04:59,222.65,4.05,165257.4,218.15,370.54,474879.1,216.48,113.72,69325.1
2021-01-30T11:05:09,222.8,4.15,165257.4,217.91,359.43,474885,216.54,112.85,69326.9
2021-01-30T11:05:20,223.41,3.12,165257.4,213.78,342.46,474885,215.2,113.68,69326.9
2021-01-30T11:05:30,223.84,3.33,165257.4,213.48,358.48,474885,215.13,113.36,69326.9
2021-01-30T11:05:40,223.46,28.21,165257.4,214.07,355.01,474885,215.26,112.91,69326.9
2021-01-30T11:05:50,223.2,28.45,165257.4,213.45,354.78,474885,217.2,113.53,69326.9
2021-01-30T11:05:59,222.08,28.82,165257.4,218.22,361.78,474885,216.6,113.26,69326.9
2021-01-30T11:06:09,223.47,28.43,165257.7,212.79,357.51,474890.9,217.36,106.93,69328.9
2021-01-30T11:06:20,222.62,28.83,165257.7,215.12,342.03,474890.9,218.89,106.66,69328.9
2021-01-30T11:06:30,222.78,28.64,165257.7,216.18,345.44,474890.9,216.62,106.84,69328.9
2021-01-30T11:06:40,224.44,28.35,165257.7,211.45,345.02,474890.9,217.99,106.58,69328.9
2021-01-30T11:06:50,223.8,28.4,165257.7,210.43,344.56,474890.9,219.61,106.97,69328.9
2021-01-30T11:06:59,223.95,28.17,165257.7,210.93,342.8,474890.9,217.45,106.88,69328.9
2021-01-30T11:07:09,224.33,28.27,165258.1,210.84,346.67,474896.8,217.38,106.68,69330.6
2021-01-30T11:07:20,219.46,28.65,165258.1,216.05,344.18,474896.8,219.53,106.61,69330.6
2021-01-30T11:07:30,220.54,27.97,165258.1,211.52,321.66,474896.8,218.45,106.41,69330.6
2021-01-30T11:07:40,219.31,28.5,165258.1,216.07,344.4,474896.8,217.87,106.56,69330.6
2021-01-30T11:07:50,219.09,28.61,165258.1,215.96,346.4,474896.8,220.05,106.7,69330.6
2021-01-30T11:07:59,220.42,28.21,165258.1,211.22,332.87,474896.8,219.22,106.73,69330.6
2021-01-30T11:08:09,220.55,27.99,165258.7,212.28,341.23,474902.5,218.88,106.22,69332.5
2021-01-30T11:08:20,220.18,28.45,165258.7,211.32,341.18,474902.5,220.73,106.1,69332.5
2021-01-30T11:08:30,220.63,28.13,165258.7,212.25,327.25,474902.5,217.69,111.39,69332.5
2021-01-30T11:08:40,219.33,28.53,165258.7,217.4,343.56,474902.5,217.38,108.84,69332.5
2021-01-30T11:08:50,220.66,28.1,165258.7,211.97,342.39,474902.5,219.24,108.55,69332.5
2021-01-30T11:08:59,219.5,27.92,165258.7,220.5,353.84,474902.5,214.18,109.82,69332.5
2021-01-30T11:09:09,219.4,28.03,165259.1,220.1,357.54,474908.2,213.76,110.43,69334.2
2021-01-30T11:09:20,220.51,28,165259.1,214.7,359.62,474908.2,216.72,110.24,69334.2
2021-01-30T11:09:30,220.47,27.67,165259.1,215.36,360.27,474908.2,214.54,109.92,69334.2
2021-01-30T11:09:40,220.41,27.63,165259.1,215.41,395.04,474908.2,214.61,110.04,69334.2
2021-01-30T11:09:50,220.58,27.82,165259.1,215.5,373.95,474908.2,214.67,116.51,69334.2
2021-01-30T11:09:59,219.27,27.78,165259.1,220.07,363.05,474908.2,214.48,109.34,69334.2
2021-01-30T11:10:10,221.2,27.86,165259.6,220.62,376.7,474914.3,213.53,109.21,69336.2
2021-01-30T11:10:20,221.34,28.25,165259.6,220.21,375.64,474914.3,213.59,110.09,69336.2
2021-01-30T11:10:30,222.72,27.99,165259.6,214.87,359.31,474914.3,214.48,112.88,69336.2
2021-01-30T11:10:40,222.46,28.39,165259.6,213.64,358.36,474914.3,219.06,111.7,69336.2
2021-01-30T11:10:51,221.88,28.5,165259.6,213.1,364.48,474914.3,221.18,110,69336.2
2021-01-30T11:10:59,222.1,28.13,165259.6,213.97,360.5,474914.3,219,109.78,69336.2
2021-01-30T11:11:09,221.02,28.32,165260,219.07,362.34,474920.4,215.98,110.39,69338
2021-01-30T11:11:20,222.72,28.55,165260,213.54,356.32,474920.4,216.78,110.07,69338
2021-01-30T11:11:30,221.47,29.08,165260,218.18,365.9,474920.4,216.72,113.47,69338
2021-01-30T11:11:40,222.78,28.87,165260,212.71,362.79,474920.4,219.25,111.8,69338
2021-01-30T11:11:50,222.88,28.42,165260,213.66,385.12,474920.4,215.19,109.39,69338
2021-01-30T11:11:59,224.47,27.53,165260,204.33,362.06,474920.4,215.89,106.94,69338
2021-01-30T11:12:09,223.78,27.77,165260.6,202.23,353.33,474926.6,222.43,113.08,69339.8
2021-01-30T11:12:19,226.18,28.18,165260.6,203.29,346.78,474926.6,219.56,112.86,69339.8
2021-01-30T11:12:30,227.01,27.75,165260.6,202.95,351.68,474926.6,218.86,113.09,69339.8
2021-01-30T11:12:40,226.64,27.59,165260.6,202.17,352.22,474926.6,221,113.27,69339.8
2021-01-30T11:12:50,225.77,27.65,165260.6,208.52,342.48,474926.6,215.14,106.39,69339.8
2021-01-30T11:12:59,227.14,27.38,165260.6,203.57,356.53,474926.6,216.05,108.2,69339.8
2021-01-30T11:13:09,226.77,27.7,165261,202.04,404.12,474932.5,220.94,113.84,69341.7
2021-01-30T11:13:20,227.16,27.73,165261,202.79,358.97,474932.5,217.77,110.24,69341.7
2021-01-30T11:13:30,225.71,27.98,165261,207.57,362.84,474932.5,216.75,109.71,69341.7
2021-01-30T11:13:40,227.66,0,165261,203.27,342.06,474932.5,215.05,109.72,69341.7
2021-01-30T11:13:50,227.91,0,165261,204.17,346.44,474932.5,213.03,109.53,69341.7
2021-01-30T11:13:59,227.8,1.51,165261,203.05,345.83,474932.5,217.41,110.21,69341.7
2021-01-30T11:14:10,227.73,0,165261.3,203.43,340.48,474938.4,215.66,109.75,69343.5
2021-01-30T11:14:20,227.43,1.7,165261.3,209.47,346.27,474938.4,210.38,110.05,69343.5
2021-01-30T11:14:30,227.26,1.78,165261.3,209,341.54,474938.4,211.95,106.49,69343.5
2021-01-30T11:14:40,227.64,1.57,165261.3,209.52,345.07,474938.4,210.88,106.26,69343.5
2021-01-30T11:14:51,228.32,1.54,165261.3,209.21,347.34,474938.4,210.7,106.44,69343.5
2021-01-30T11:14:59,227.98,0,165261.3,209.2,332.86,474938.4,211.02,106.01,69343.5
2021-01-30T11:15:09,228.17,1.67,165261.3,208.49,342.71,474944.2,213.09,106.23,69345.3
2021-01-30T11:15:20,227.79,1.54,165261.3,208.29,344.36,474944.2,212.49,106.4,69345.3
2021-01-30T11:15:30,227.84,1.58,165261.3,208.81,340.3,474944.2,212.38,106.12,69345.3
2021-01-30T11:15:40,225.6,3.02,165261.3,217.16,338.64,474944.2,211.47,106.56,69345.3
2021-01-30T11:15:50,225.55,3.12,165261.3,216.91,346.88,474944.2,211.31,106.43,69345.3
2021-01-30T11:15:59,225.74,3.03,165261.3,213.46,340.29,474944.2,214.72,105.78,69345.3
2021-01-30T11:16:09,225.94,2.92,165261.4,213.73,331.86,474949.9,214.92,106.15,69347
2021-01-30T11:16:19,225.95,3.22,165261.4,212.92,387.02,474949.9,216.93,106.48,69347
2021-01-30T11:16:30,226.4,2.9,165261.4,213.86,350.79,474949.9,214.56,106.16,69347
2021-01-30T11:16:40,226.28,2.82,165261.4,213.51,357.12,474949.9,214.66,106.5,69347
2021-01-30T11:16:50,226.09,3,165261.4,213.52,349.24,474949.9,216.6,106.57,69347
2021-01-30T11:16:59,227.16,2.61,165261.4,213.91,355.21,474949.9,214.48,105.91,69347
2021-01-30T11:17:09,227.3,2.86,165261.4,213.36,351.41,474955.8,214.4,105.99,69348.8
2021-01-30T11:17:20,227.2,2.97,165261.4,212.99,353.62,474955.8,216.46,106.12,69348.8
2021-01-30T11:17:30,226.52,2.41,165261.4,213.53,349.69,474955.8,214.57,106.56,69348.8
2021-01-30T11:17:40,227.04,2.33,165261.4,213.17,352.24,474955.8,215.04,106.69,69348.8
2021-01-30T11:17:50,226.9,2.23,165261.4,213.09,348.33,474955.8,216.77,106.55,69348.8
2021-01-30T11:17:59,227.72,1.94,165261.4,215.59,354.83,474955.8,213.67,106.36,69348.8
2021-01-30T11:18:09,227.73,2.07,165261.4,215.9,349.36,474961.7,213.88,106.3,69350.5
2021-01-30T11:18:19,227.51,2.33,165261.4,215.57,331.47,474961.7,215.14,107.55,69350.5
2021-01-30T11:18:30,226.62,1.55,165261.4,216.35,350.9,474961.7,214.17,106.14,69350.5
2021-01-30T11:18:40,226.21,0,165261.4,219.14,352.61,474961.7,211.95,106.42,69350.5
2021-01-30T11:18:50,225.92,1.63,165261.4,218.25,349.54,474961.7,213.9,76.06,69350.5
2021-01-30T11:18:59,226.26,2.21,165261.4,217.59,349.36,474961.7,216.53,67.32,69350.5
2021-01-30T11:19:09,226.04,27.69,165261.5,218.27,355.75,474967.6,214.3,67.56,69352.1
2021-01-30T11:19:19,226.21,27.86,165261.5,218.34,352.67,474967.6,214.53,68.19,69352.1
2021-01-30T11:19:30,227.01,27.43,165261.5,212.8,347.24,474967.6,216.82,67.65,69352.1
2021-01-30T11:19:40,227.31,27.24,165261.5,212.86,346.86,474967.6,215.59,68.07,69352.1
2021-01-30T11:19:50,227.43,27.23,165261.5,213.56,346.54,474967.6,215.45,67.46,69352.1
2021-01-30T11:19:59,233.24,26.71,165261.5,212.53,342.32,474967.6,215.7,67.72,69352.1
2021-01-30T11:20:09,233.7,26.66,165261.9,213.28,343.81,474973.4,213.53,68.04,69353.3
2021-01-30T11:20:20,233.78,26.82,165261.9,213.05,340.19,474973.4,213.5,68.36,69353.3
2021-01-30T11:20:30,233.55,26.72,165261.9,212.05,366.34,474973.4,215.49,67.55,69353.3
2021-01-30T11:20:40,226.58,26.61,165261.9,213.6,339.43,474973.4,215.55,67.26,69353.3
2021-01-30T11:20:50,225.84,27.06,165261.9,218.38,347.46,474973.4,214.66,67.59,69353.3
2021-01-30T11:20:59,225.49,27.32,165261.9,217.78,347.31,474973.4,216.59,67.58,69353.3
2021-01-30T11:21:09,227.52,26.91,165262.3,213.6,348,474979.1,215.59,67.26,69354.4
2021-01-30T11:21:20,227.29,27.1,165262.3,213.11,354.71,474979.1,216.24,67.61,69354.4
2021-01-30T11:21:30,226.92,26.93,165262.3,213.58,255.71,474979.1,218.07,67.28,69354.4
2021-01-30T11:21:40,227.22,26.94,165262.3,213.81,275,474979.1,215.44,67.46,69354.4
2021-01-30T11:21:50,225.86,27.41,165262.3,218.84,274.82,474979.1,215.19,67.38,69354.4
2021-01-30T11:21:59,225.56,27.56,165262.3,218.26,277.99,474979.1,217.57,67.71,69354.4
2021-01-30T11:22:09,227.03,26.94,165262.8,213.99,276.53,474984.3,215.99,67.13,69355.5
2021-01-30T11:22:19,227.13,26.92,165262.8,214.54,268.95,474984.3,216.11,67.27,69355.5
2021-01-30T11:22:30,227.52,27.35,165262.8,213.95,288.16,474984.3,218.23,67.42,69355.5
2021-01-30T11:22:40,227.03,26.93,165262.8,214.31,297.4,474984.3,215.92,67.4,69355.5
2021-01-30T11:22:50,228.27,26.53,165262.8,210.52,279.91,474984.3,216.63,67.13,69355.5
2021-01-30T11:22:59,226.93,27.57,165262.8,214.63,284.44,474984.3,217.55,69.52,69355.5
2021-01-30T11:23:09,228.59,26.77,165263.2,211.3,280.38,474988.9,213.79,105.43,69356.6
2021-01-30T11:23:19,229.03,27.36,165263.2,211.4,277.54,474988.9,213.52,106.19,69356.6
2021-01-30T11:23:29,229.36,27.82,165263.2,210.66,275.02,474988.9,215.31,106,69356.6
2021-01-30T11:23:40,229.19,27.59,165263.2,211.27,258.33,474988.9,213.35,106.01,69356.6
2021-01-30T11:23:50,228.13,27.2,165263.2,210.84,275.37,474988.9,215.35,107.02,69356.6
2021-01-30T11:23:59,226.05,28.03,165263.2,214.95,271.68,474988.9,217.23,106.42,69356.6
2021-01-30T11:24:04,225.65,28.08,165263.7,214.74,276.9,474993.6,219.41,106.45,69358.4
2021-01-30T11:24:09,225.42,27.94,165263.7,214.92,273.16,474993.6,219.68,106.39,69358.4
2021-01-30T11:24:15,227.49,27.8,165263.7,210.15,295.24,474993.6,217.72,106.46,69358.4
2021-01-30T11:24:20,227.35,28.1,165263.7,209.7,300.43,474993.6,220.17,105.93,69358.4
2021-01-30T11:24:25,227.37,27.97,165263.7,209.57,297.81,474993.6,220.01,105.89,69358.4
2021-01-30T11:24:30,226.47,27.99,165263.7,209.03,299.94,474993.6,221.87,106.44,69358.4
2021-01-30T11:24:36,226.77,28.1,165263.7,208.94,300.93,474993.6,222.24,106.29,69358.4
2021-01-30T11:24:41,225.53,27.53,165263.7,209.54,299.26,474993.6,220.44,106,69358.4
2021-01-30T11:24:46,225.44,27.62,165263.7,209.79,282.02,474993.6,220.07,105.94,69358.4
2021-01-30T11:24:51,225.68,27.66,165263.7,210.06,287.23,474993.6,220.15,106.14,69358.4
2021-01-30T11:24:57,226.07,27.69,165263.7,209.69,305.51,474993.6,220.36,106.04,69358.4
2021-01-30T11:24:59,226.45,27.71,165263.7,209.11,305.69,474993.6,222.24,106.52,69358.4
2021-01-30T11:25:04,226.27,27.87,165264.1,208.97,299.42,474998.4,222.2,106.16,69360.1
2021-01-30T11:25:09,226.64,27.6,165264.1,209.7,297.97,474998.4,220.22,106.19,69360.1
2021-01-30T11:25:14,225.4,28.22,165264.1,214.57,300.52,474998.4,219.39,106.3,69360.1
2021-01-30T11:25:20,225.36,28.29,165264.1,214.41,301.86,474998.4,219.5,106.14,69360.1
2021-01-30T11:25:25,225.51,28.29,165264.1,214.35,282.22,474998.4,219.59,106.28,69360.1
2021-01-30T11:25:30,226.3,28.01,165264.1,209.11,280.19,474998.4,222.22,106.02,69360.1
2021-01-30T11:25:35,227.46,27.37,165264.1,209.78,281.77,474998.4,218.1,106.31,69360.1
2021-01-30T11:25:41,226.96,28.2,165264.1,209.65,282.5,474998.4,219.83,106.33,69360.1
2021-01-30T11:25:46,226.88,28.09,165264.1,209.73,272.12,474998.4,219.77,105.76,69360.1
2021-01-30T11:25:51,222.26,27.56,165264.1,210.45,258.63,474998.4,220.95,106.05,69360.1
2021-01-30T11:25:56,222.23,27.71,165264.1,210.42,285.8,474998.4,220.99,106,69360.1
2021-01-30T11:25:59,222.08,27.62,165264.1,209.95,270.71,474998.4,223.06,106.01,69360.1
2021-01-30T11:26:04,222.12,27.43,165264.6,209.89,273.31,475003.1,223.19,105.92,69361.9
2021-01-30T11:26:09,222.36,27.78,165264.6,209.99,269.92,475003.1,220.86,105.89,69361.9
2021-01-30T11:26:15,221.02,28.02,165264.6,215,273.86,475003.1,220.35,105.91,69361.9
2021-01-30T11:26:20,221.21,28,165264.6,215.13,282.73,475003.1,219.85,106.28,69361.9
2021-01-30T11:26:25,221.39,28.26,165264.6,214.79,286.01,475003.1,220.01,106.14,69361.9
2021-01-30T11:26:30,220.95,27.96,165264.6,214.43,284.83,475003.1,221.94,106.65,69361.9
2021-01-30T11:26:35,221.93,28.44,165264.6,213.79,271.03,475003.1,217.5,106.53,69361.9
2021-01-30T11:26:41,223.56,27.82,165264.6,208.55,280.9,475003.1,217.88,106.17,69361.9
2021-01-30T11:26:46,223.43,27.46,165264.6,208.71,273.73,475003.1,217.76,105.93,69361.9
2021-01-30T11:26:51,223.74,27.49,165264.6,208.37,275.12,475003.1,217.23,106.41,69361.9
2021-01-30T11:26:56,224.19,27.91,165264.6,207.86,268.79,475003.1,218.98,106.7,69361.9
2021-01-30T11:26:59,224.02,27.73,165264.6,208,266.9,475003.1,218.93,105.9,69361.9
2021-01-30T11:27:09,224.36,27.95,165265,209.08,280.67,475007.9,215.9,105.83,69363.6
2021-01-30T11:27:19,224.44,2.48,165265,209.11,280.98,475007.9,215.84,105.79,69363.6
2021-01-30T11:27:30,224.05,2.82,165265,207.8,269.88,475007.9,219.79,106.2,69363.6
2021-01-30T11:27:40,222.91,3.34,165265,212.76,304.99,475007.9,217.55,106.39,69363.6
2021-01-30T11:27:50,223.64,2.87,165265,213.08,272.63,475007.9,217.93,75.9,69363.6
2021-01-30T11:27:59,229.32,0,165265,208.34,271.89,475007.9,217.02,67.12,69363.6
2021-01-30T11:28:09,229.9,0,165265.1,208.64,271.26,475012.5,214.6,67.03,69365.2
2021-01-30T11:28:19,230.1,0,165265.1,208.46,267.92,475012.5,214.39,98.1,69365.2
2021-01-30T11:28:30,230.42,0,165265.1,208.17,271.11,475012.5,216.57,106.22,69365.2
2021-01-30T11:28:40,229.5,0,165265.1,212.66,274.25,475012.5,213.9,106.31,69365.2
2021-01-30T11:28:50,227.54,2.41,165265.1,217.86,276.93,475012.5,213.83,106.49,69365.2
2021-01-30T11:28:59,227.64,2.74,165265.1,217.51,267.55,475012.5,215.85,106.19,69365.2
2021-01-30T11:29:09,228.22,2.39,165265.2,213.62,255.25,475017,219.43,105.9,69366.8
2021-01-30T11:29:19,228.12,2.32,165265.2,213.61,270.03,475017,219.37,106.16,69366.8
2021-01-30T11:29:30,228.11,2.7,165265.2,213.33,271.72,475017,221.12,105.9,69366.8
2021-01-30T11:29:40,228.11,2.45,165265.2,214.18,269.4,475017,218.22,106.04,69366.8
2021-01-30T11:29:50,226.89,3.17,165265.2,218.88,275.26,475017,217.98,106.48,69366.8
2021-01-30T11:29:59,225.15,3.46,165265.2,218.99,274.98,475017,220.87,106.3,69366.8
2021-01-30T11:30:09,226.87,2.71,165265.2,214.64,270.86,475021.6,218.3,105.44,69368.7
2021-01-30T11:30:19,226.26,2.92,165265.2,213.8,289.49,475021.6,221.14,105.6,69368.7
2021-01-30T11:30:29,226.77,2.66,165265.2,214.78,281.99,475021.6,218.79,105.65,69368.7
2021-01-30T11:30:40,227.06,2.55,165265.2,213.72,282.13,475021.6,219.06,105.86,69368.7
2021-01-30T11:30:50,225.09,3.6,165265.2,219.09,286.14,475021.6,218.95,105.64,69368.7
2021-01-30T11:30:59,225.04,3.24,165265.2,219.71,284.43,475021.6,216.5,105.9,69368.7
2021-01-30T11:31:09,224.25,3.53,165265.2,220,283.23,475026.3,216.79,105.77,69370.4
2021-01-30T11:31:19,225.2,3.13,165265.2,213.82,266.82,475026.3,218.95,105.12,69370.4
2021-01-30T11:31:29,225.9,2.77,165265.2,212.29,271.21,475026.3,217.06,105.2,69370.4
2021-01-30T11:31:39,225.67,2.55,165265.2,211.43,279.69,475026.3,219.79,109.05,69370.4
2021-01-30T11:31:49,225.56,2.94,165265.2,210.81,273.92,475026.3,221.59,107.82,69370.4
2021-01-30T11:31:59,223.62,2.94,165265.2,215.98,277.07,475026.3,219.44,107.47,69370.4
2021-01-30T11:32:09,223.74,3.32,165265.3,215.01,277.81,475031,222.94,109.87,69372.2
2021-01-30T11:32:19,224.09,2.88,165265.3,211.13,267.43,475031,221.34,109.07,69372.2
2021-01-30T11:32:29,231.18,0,165265.3,210.28,274.41,475031,219.14,109.87,69372.2
2021-01-30T11:32:39,230.91,0,165265.3,209.83,276.44,475031,219.46,109.9,69372.2
2021-01-30T11:32:50,231.15,28.21,165265.3,209.95,282.11,475031,218.96,109.9,69372.2
2021-01-30T11:32:59,230.83,28.06,165265.3,209.54,277.41,475031,221.02,109.64,69372.2
2021-01-30T11:33:09,222.71,28.26,165265.4,215.54,309.7,475035.6,219.55,109.54,69374
2021-01-30T11:33:19,223.09,28.52,165265.4,215.13,305.13,475035.6,220.97,110.97,69374
2021-01-30T11:33:29,224.55,27.98,165265.4,210.64,319.81,475035.6,220.4,109.1,69374
2021-01-30T11:33:40,226.5,27.35,165265.4,202.79,306.04,475035.6,221.8,109.06,69374
2021-01-30T11:33:50,226.92,27.11,165265.4,200.73,299.22,475035.6,223.88,108.88,69374
2021-01-30T11:34:08,226.83,27.3,165265.9,200.97,290.72,475040.6,223.68,109.19,69375.9
2021-01-30T11:34:17,227.28,27.23,165265.9,201.64,289.07,475040.6,222.23,109.04,69375.9
2021-01-30T11:34:26,226.31,27.64,165265.9,206.34,288.31,475040.6,221.64,109.62,69375.9
2021-01-30T11:34:35,227.51,27.35,165265.9,201.15,301.27,475040.6,224.95,109.22,69375.9
2021-01-30T11:34:45,227.79,26.71,165265.9,201.72,285.42,475040.6,221.96,109.25,69375.9
2021-01-30T11:34:54,227.61,26.82,165265.9,200.94,272.64,475040.6,222.4,108.45,69375.9
2021-01-30T11:35:08,226.47,27.31,165266.3,205.36,294.35,475045.4,221.61,109.35,69377.7
2021-01-30T11:35:17,226.29,27.32,165266.3,205.56,284.87,475045.4,220.91,109.62,69377.7
2021-01-30T11:35:26,227.84,27.5,165266.3,200.84,283.51,475045.4,223.19,109.23,69377.7
2021-01-30T11:35:35,227.81,27.28,165266.3,201.16,271.64,475045.4,221.4,105.45,69377.7
2021-01-30T11:35:45,228.04,27.65,165266.3,200.07,289.58,475045.4,223.23,105.65,69377.7
2021-01-30T11:35:54,228.37,27.41,165266.3,201.03,288.04,475045.4,221.5,105.42,69377.7
2021-01-30T11:35:59,228,27.65,165266.3,200.08,287.69,475045.4,224.88,104.76,69377.7
2021-01-30T11:36:09,227.85,27.39,165266.8,199.39,339.76,475050.1,224.41,105.74,69379.5
2021-01-30T11:36:19,227.04,27.97,165266.8,205.3,292.1,475050.1,221.63,105.48,69379.5
2021-01-30T11:36:29,227.67,27.69,165266.8,201.65,283.36,475050.1,222.55,105.59,69379.5
2021-01-30T11:36:39,227.91,27.58,165266.8,200.44,270.22,475050.1,225.01,105.56,69379.5
2021-01-30T11:36:49,234.83,27.38,165266.8,199.51,280.37,475050.1,222.19,105.71,69379.5
2021-01-30T11:36:59,234.08,28.56,165266.8,206.73,275.42,475050.1,222.77,105.98,69379.5
2021-01-30T11:37:10,232.28,28.78,165267.2,214.36,267.77,475055,219.93,106.22,69381.2
2021-01-30T11:37:20,231.66,28.17,165267.2,215.01,271.81,475055,219.37,106.31,69381.2
2021-01-30T11:37:30,225.86,27.94,165267.2,211.08,273.34,475055,221.63,105.67,69381.2
2021-01-30T11:37:40,224.99,27.57,165267.2,211.12,270.22,475055,222.29,105.58,69381.2
2021-01-30T11:37:50,225.99,28.57,165267.2,210.5,252.15,475055,223.94,105.51,69381.2
2021-01-30T11:38:00,224.43,28.86,165267.2,215.92,276.89,475055,220.74,105.86,69381.2
2021-01-30T11:38:10,223.83,29.12,165267.7,215.33,265.06,475059.5,223.6,106.79,69383
2021-01-30T11:38:20,223.83,28.47,165267.7,216.89,274.31,475059.5,220.58,106.12,69383
2021-01-30T11:38:30,223.66,28.54,165267.7,217.29,274.24,475059.5,220.52,106.18,69383
2021-01-30T11:38:40,224.54,28.05,165267.7,211.03,268.03,475059.5,223.61,106.31,69383
2021-01-30T11:38:50,225.12,28.16,165267.7,211.7,271.62,475059.5,220.94,105.61,69383
2021-01-30T11:39:00,225.1,28.02,165267.7,212.07,272.44,475059.5,220.28,106.24,69383
2021-01-30T11:39:10,225.04,27.44,165268.1,212.7,273.28,475064,217.47,106.32,69384.7
2021-01-30T11:39:20,223.36,27.77,165268.1,217.14,275.32,475064,216.99,106.49,69384.7
2021-01-30T11:39:30,222.7,28.34,165268.1,218.57,297.99,475064,219.19,106.22,69384.7
2021-01-30T11:39:40,222.2,28.1,165268.1,222.65,282.73,475064,216.58,106.22,69384.7
2021-01-30T11:39:50,223.24,27.57,165268.1,217.62,278.54,475064,217.17,106.5,69384.7
2021-01-30T11:40:00,223.22,27.52,165268.1,217.58,276.1,475064,217.12,106.37,69384.7
2021-01-30T11:40:10,223.9,27.91,165268.6,217.57,284.49,475068.7,216.9,105.94,69386.5
2021-01-30T11:40:20,222.41,28.52,165268.6,222.21,289.32,475068.7,218.72,106.95,69386.5
2021-01-30T11:40:30,222.9,28.03,165268.6,224.47,319.4,475068.7,215.35,106.61,69386.5
2021-01-30T11:40:40,224.42,28.38,165268.6,219.1,287.23,475068.7,215.4,106.54,69386.5
2021-01-30T11:40:50,224.46,2.79,165268.6,218.51,283.38,475068.7,218.12,106.88,69386.5
2021-01-30T11:41:00,223.86,2.48,165268.6,217.52,286.56,475068.7,215.74,106.61,69386.5
2021-01-30T11:41:10,224.75,2.22,165268.9,218.25,276.24,475073.6,212.14,107.84,69388.2
2021-01-30T11:41:20,222.78,3.2,165268.9,222.64,282.28,475073.6,214.81,106.92,69388.2
2021-01-30T11:41:30,222.65,3.14,165268.9,222.47,283.42,475073.6,213.91,106.9,69388.2
2021-01-30T11:41:40,225.23,2.54,165268.9,217.11,272.96,475073.6,214.36,106.41,69388.2
2021-01-30T11:41:50,223.71,149.68,165268.9,217.07,278.28,475073.6,216.4,106.18,69388.2
2021-01-30T11:42:00,223.93,92.39,165268.9,216.69,274.3,475073.6,216.37,106.39,69388.2
2021-01-30T11:42:10,223.34,95.2,165269.8,221.8,267.88,475078.2,216.34,106.14,69390.1
2021-01-30T11:42:20,223.28,95.73,165269.8,221.94,276.46,475078.2,215.07,106.29,69390.1
2021-01-30T11:42:30,224.89,94.89,165269.8,216.9,278.23,475078.2,215.85,105.47,69390.1
2021-01-30T11:42:40,224.28,95.55,165269.8,216.26,277.41,475078.2,218.21,106.31,69390.1
2021-01-30T11:42:50,224.47,95.04,165269.8,217.14,290.22,475078.2,215.21,106.31,69390.1
2021-01-30T11:43:00,224.29,95.12,165269.8,216.4,278.2,475078.2,216.74,106.23,69390.1
2021-01-30T11:43:10,223.49,95.54,165271.3,218.41,272.78,475082.9,219.45,106.49,69391.8
2021-01-30T11:43:20,223.78,94.4,165271.3,219.47,276.29,475082.9,216.21,106.32,69391.8
2021-01-30T11:43:30,224.97,92.49,165271.3,213.51,282.52,475082.9,219.13,106.1,69391.8
2021-01-30T11:43:40,225.04,90.77,165271.3,214.2,279.21,475082.9,217.04,106.65,69391.8
2021-01-30T11:43:50,223.29,89.18,165271.3,214.92,281.46,475082.9,218.45,106.6,69391.8
2021-01-30T11:44:00,221,88.79,165271.3,218.74,289.55,475082.9,222.47,106.97,69391.8
2021-01-30T11:44:10,221.15,87.71,165272.9,219.64,291.77,475087.5,219.72,107.28,69393.6
2021-01-30T11:44:20,220.84,86,165272.9,219.11,271.64,475087.5,222.38,107.25,69393.6
2021-01-30T11:44:30,222.04,85.13,165272.9,214.36,306.47,475087.5,220.67,106.74,69393.6
2021-01-30T11:44:40,221.3,83.5,165272.9,214.57,313.59,475087.5,220.9,106.43,69393.6
2021-01-30T11:44:50,218.85,83.82,165272.9,221.09,315.21,475087.5,222.32,107.68,69393.6
2021-01-30T11:45:00,216.69,135.67,165272.9,228,319.69,475087.5,220.26,106.71,69393.6
2021-01-30T11:45:10,216.36,135.5,165274.4,227.22,311.15,475092.7,222.22,106.72,69395.3
2021-01-30T11:45:20,218.62,82.9,165274.4,222.08,313.11,475092.7,220.58,107.11,69395.3
2021-01-30T11:45:30,218.51,82.34,165274.4,222.09,285.15,475092.7,220.5,106.82,69395.3
2021-01-30T11:45:40,216.83,83.14,165274.4,227.57,284.82,475092.7,221.48,106.44,69395.3
2021-01-30T11:45:50,217.74,82.69,165274.4,227.38,291.15,475092.7,219.81,81.8,69395.3
2021-01-30T11:46:00,216.43,83.03,165274.4,229.18,287.23,475092.7,221.86,67.68,69395.3
2021-01-30T11:46:10,218.83,81.45,165276,222.94,285.8,475097.6,220.23,68.03,69397
2021-01-30T11:46:20,218.69,106.03,165276,223.25,287.73,475097.6,220.42,67.71,69397
2021-01-30T11:46:30,217.61,106.73,165276,230.86,272.57,475097.6,223.19,67.76,69397
2021-01-30T11:46:40,217.21,105.54,165276,231.68,285.94,475097.6,221.17,68.12,69397
2021-01-30T11:46:50,221.49,105.42,165276,218.21,286.23,475097.6,223.77,68.18,69397
2021-01-30T11:47:00,221.73,105.72,165276,219.01,288.72,475097.6,221.48,67.7,69397
2021-01-30T11:47:10,221.49,105.34,165277.6,218.58,284.94,475102.4,221.27,67.86,69398.1
2021-01-30T11:47:20,219.65,104.1,165277.6,223.75,289.53,475102.4,222.3,68.07,69398.1
2021-01-30T11:47:30,220.28,104.01,165277.6,225.03,291.7,475102.4,217.24,67.56,69398.1
2021-01-30T11:47:40,221.31,105.11,165277.6,219.19,287.17,475102.4,220.43,67.58,69398.1
2021-01-30T11:47:50,221.6,104.18,165277.6,219.81,288.89,475102.4,217.49,67.72,69398.1
2021-01-30T11:52:26,223.66,102.44,165286.2,225.65,336.83,475128.9,217.64,68.13,69403.7
2021-01-30T11:52:36,222.17,102.14,165286.2,232.58,339.32,475128.9,214.83,68,69403.7
2021-01-30T11:52:46,223.16,102.1,165286.2,227.63,346.19,475128.9,215.44,67.96,69403.7
2021-01-30T11:52:56,223.38,102.05,165286.2,224.95,327.16,475128.9,216.25,67.35,69403.7
2021-01-30T11:53:06,221.64,101.83,165287.9,230.8,353.87,475134.7,214.69,67.84,69404.8
2021-01-30T11:53:16,221.57,101.81,165287.9,230.87,346.57,475134.7,214.47,67.89,69404.8
2021-01-30T11:54:00,221.41,100.97,165287.9,227.99,338.15,475134.7,212.46,68.19,69404.8
2021-01-30T11:54:10,221.24,101.29,165289.5,228.52,343.05,475140.5,212.35,68.11,69406
2021-01-30T11:54:20,223.18,101.23,165289.5,222.46,340.95,475140.5,213.39,67.88,69406
